-- --------     chatRevisaoP1    ------------
-- 
--         SCRIPT DE CRIACAO (DDL)
-- 
-- Data Criacao ...........: 12/10/2019
-- Autor(es) ..............: Larissa Siqueira Sales
-- Banco de Dados .........: MySQL
-- Banco de Dados (nome) ..: eleicao
-- 
-- ------------------------------------------

USE ELEICAO;

INSERT INTO ELEITOR VALUES ('145623445786', '1999-10-30', 'Carla', '19');
INSERT INTO ELEITOR VALUES ('176236152736', '1987-07-14', 'Lucas', '32');
INSERT INTO ELEITOR VALUES ('165234615223', '1995-12-28', 'Isabela', '23');
INSERT INTO ELEITOR VALUES ('153241423687', '1997-09-30', 'Marcia', '21');
INSERT INTO ELEITOR VALUES ('123436676574', '1990-08-14', 'Vitor', '29');
INSERT INTO ELEITOR VALUES ('934875912322', '1998-11-05', 'Janaina', '20');

INSERT INTO VOTO VALUES ('145623445786', '2018-10-25');
INSERT INTO VOTO VALUES ('176236152736', '2018-10-25');
INSERT INTO VOTO VALUES ('165234615223', '2018-10-25');
INSERT INTO VOTO VALUES ('153241423687', '2018-10-25');
INSERT INTO VOTO VALUES ('123436676574', '2018-10-25');
INSERT INTO VOTO VALUES ('934875912322', '2018-10-25');

INSERT INTO JUSTIFICATIVA VALUES ('Estava viajando.', '145623445786', '2018-10-25');
INSERT INTO JUSTIFICATIVA VALUES ('Sofreu acidente de carro e estava no hospital.', '176236152736', '2018-10-25');
INSERT INTO JUSTIFICATIVA VALUES ('Esqueceu de votar.', '165234615223', '2018-10-25');

INSERT INTO EFETIVACAO_CANDIDATO VALUES ('153241423687', '2018-10-25', '765849345673', '13', 'Haddad');
INSERT INTO EFETIVACAO_CANDIDATO VALUES ('123436676574', '2018-10-25', '765849345673', '13', 'Haddad');
INSERT INTO EFETIVACAO_CANDIDATO VALUES ('934875912322', '2018-10-25', '765849345673', '13', 'Haddad');

INSERT INTO registra VALUES ('153241423687', '153241423687', '2018-10-25');
INSERT INTO registra VALUES ('123436676574', '123436676574', '2018-10-25');
INSERT INTO registra VALUES ('934875912322', '934875912322', '2018-10-25');